variant_id,path,segment_id,entry_anchor_ms,mid_anchor_ms,exit_anchor_ms,tempo_factor,pitch_semitones,state_suggestion,phase_affinity,calm_final,centroid,rms
seg_0001__t00__p0,seg_0001__t00__p0.wav,seg_0001,669,8832,19765,0.0,0,S3,either,0.987242637776376,848.990812077226,0.0024285416584461
seg_0017__tm04__p-1,seg_0017__tm04__p-1.wav,seg_0017,210,9634,18383,-0.04,-1,S3,either,0.974527684548367,442.231888700168,0.0035062611568719
seg_0001__tm04__p-1,seg_0001__tm04__p-1.wav,seg_0001,697,9200,20589,-0.04,-1,S3,either,0.9721256195548926,786.9271868860892,0.0019739845301955
seg_0018__tm08__p-1,seg_0018__tm08__p-1.wav,seg_0018,233,12127,20210,-0.08,-1,S3,either,0.9651895842309928,462.7950730788433,0.0037682950496673
seg_0018__t00__p0,seg_0018__t00__p0.wav,seg_0018,214,11157,18593,0.0,0,S3,either,0.9615718784820212,495.30801885467486,0.0045556100085377
seg_0018__tm08__p0,seg_0018__tm08__p0.wav,seg_0018,233,12127,20210,-0.08,0,S3,either,0.959775018452641,502.3033814973338,0.0034702713601291
seg_0015__tm04__p0,seg_0015__tm04__p0.wav,seg_0015,225,12246,25346,-0.04,0,S3,either,0.9592694213673484,774.8670257407535,0.0079196831211447
seg_0017__tm08__p-1,seg_0017__tm08__p-1.wav,seg_0017,220,10053,19183,-0.08,-1,S3,either,0.9583413948345147,453.6254640812416,0.0033503184095025
seg_0001__tm08__p-1,seg_0001__tm08__p-1.wav,seg_0001,727,9600,21484,-0.08,-1,S3,either,0.9565245131272831,790.5786007758282,0.0016885283403098
seg_0015__tm08__p-1,seg_0015__tm08__p-1.wav,seg_0015,235,12778,26448,-0.08,-1,S3,either,0.95338470936029,719.2593811131749,0.0076959240250289
seg_0017__t00__p0,seg_0017__t00__p0.wav,seg_0017,202,9249,17648,0.0,0,S3,either,0.9521003411503997,479.8008360674266,0.0045007411390542
seg_0018__tm04__p0,seg_0018__tm04__p0.wav,seg_0018,223,11622,19368,-0.04,0,S3,either,0.9518039852796464,497.93800441586507,0.0036507467739284
seg_0015__tm04__p-1,seg_0015__tm04__p-1.wav,seg_0015,225,12246,25346,-0.04,-1,S3,either,0.9510606515933766,708.4393693242021,0.0077021135948598
seg_0018__tm04__p-1,seg_0018__tm04__p-1.wav,seg_0018,223,11622,19368,-0.04,-1,S3,either,0.9495446688794088,485.9031904470804,0.0030817708466202
seg_0017__tm08__p0,seg_0017__tm08__p0.wav,seg_0017,220,10053,19183,-0.08,0,S3,either,0.9470095587283288,478.3838062004875,0.0036231821868568
seg_0017__tm04__p0,seg_0017__tm04__p0.wav,seg_0017,210,9634,18383,-0.04,0,S3,either,0.9451167603188566,512.529535091519,0.003073301166296
seg_0001__tm08__p0,seg_0001__tm08__p0.wav,seg_0001,727,9600,21484,-0.08,0,S3,either,0.9447154407602372,883.316277093567,0.0018615360604599
seg_0017__t00__p-1,seg_0017__t00__p-1.wav,seg_0017,202,9249,17648,0.0,-1,S3,either,0.9438555050888852,454.2431722494729,0.0034845862537622
seg_0015__t00__p-1,seg_0015__t00__p-1.wav,seg_0015,216,11756,24332,0.0,-1,S3,either,0.9401070104281024,732.96760922536,0.0077499914914369
seg_0015__tm08__p0,seg_0015__tm08__p0.wav,seg_0015,235,12778,26448,-0.08,0,S3,either,0.9397086272435086,754.8103787404984,0.0084671778604388
seg_0001__t00__p-1,seg_0001__t00__p-1.wav,seg_0001,669,8832,19765,0.0,-1,S3,either,0.9396584652321172,859.3353264269639,0.0016585916746407
seg_0018__t00__p-1,seg_0018__t00__p-1.wav,seg_0018,214,11157,18593,0.0,-1,S3,either,0.9318937164889832,456.59293414531584,0.00364291947335
seg_0015__t00__p0,seg_0015__t00__p0.wav,seg_0015,216,11756,24332,0.0,0,S3,either,0.9279776027812494,756.0443876016482,0.0117234233766794
seg_0002__t00__p0,seg_0002__t00__p0.wav,seg_0002,992,6998,19093,0.0,0,S3,either,0.9262307908545092,845.4604636239854,0.0035406763199716
seg_0001__tm04__p0,seg_0001__tm04__p0.wav,seg_0001,697,9200,20589,-0.04,0,S3,either,0.9238992178805152,929.162669134246,0.0012378650717437
seg_0019__tm08__p-1,seg_0019__tm08__p-1.wav,seg_0019,701,6504,9322,-0.08,-1,S3,either,0.9178609789723788,780.3438620318298,0.0020043973345309
seg_0021__tm04__p-1,seg_0021__tm04__p-1.wav,seg_0021,355,7418,10875,-0.04,-1,S3,either,0.9152956883993048,888.329572850799,0.0039593917317688
seg_0002__tm04__p-1,seg_0002__tm04__p-1.wav,seg_0002,1033,7290,19889,-0.04,-1,S3,either,0.910977324964872,776.0495119161108,0.0022901266347616
seg_0000__tm04__p-1,seg_0000__tm04__p-1.wav,seg_0000,333,5755,7846,-0.04,-1,S3,either,0.905325031888322,953.072406135499,0.0014086394803598
seg_0000__tm08__p-1,seg_0000__tm08__p-1.wav,seg_0000,348,6005,8187,-0.08,-1,S3,either,0.9003947474467251,964.782145134601,0.0012074111727997
seg_0021__tm04__p0,seg_0021__tm04__p0.wav,seg_0021,355,7418,10875,-0.04,0,S3,either,0.8989009663651604,927.9891355704204,0.0038989663589745
seg_0000__tm08__p0,seg_0000__tm08__p0.wav,seg_0000,348,6005,8187,-0.08,0,S3,either,0.8967830128796046,1132.326123635561,0.0010480831842869
seg_0025__tm08__p-1,seg_0025__tm08__p-1.wav,seg_0025,232,11571,16914,-0.08,-1,S3,either,0.8961625908051165,1119.4041012256343,0.0067566903308033
seg_0025__t00__p-1,seg_0025__t00__p-1.wav,seg_0025,213,10645,15561,0.0,-1,S3,either,0.8936310216082097,1103.1609333912836,0.0068658282980322
seg_0019__t00__p-1,seg_0019__t00__p-1.wav,seg_0019,645,5984,8576,0.0,-1,S3,either,0.8910578092570091,813.8311202650216,0.0019845410715788
seg_0021__t00__p0,seg_0021__t00__p0.wav,seg_0021,341,7121,10440,0.0,0,S3,either,0.8887221908064792,876.8921293012636,0.0052730776369571
seg_0002__tm08__p0,seg_0002__tm08__p0.wav,seg_0002,1078,7607,20753,-0.08,0,S3,either,0.8862732850376683,857.3616693981262,0.0026755791623145
seg_0000__tm04__p0,seg_0000__tm04__p0.wav,seg_0000,333,5755,7846,-0.04,0,S3,either,0.8857556837014776,1216.1247501329435,0.0007664356380701
seg_0021__t00__p-1,seg_0021__t00__p-1.wav,seg_0021,341,7121,10440,0.0,-1,S3,either,0.8830827415912682,825.2900517506771,0.0036854702048003
seg_0019__tm04__p0,seg_0019__tm04__p0.wav,seg_0019,672,6233,8933,-0.04,0,S3,either,0.8827475220227944,976.145018038047,0.0014106140006333
seg_0021__tm08__p-1,seg_0021__tm08__p-1.wav,seg_0021,371,7740,11348,-0.08,-1,S3,either,0.8809833595630693,842.3340058334559,0.003648187033832
seg_0002__tm08__p-1,seg_0002__tm08__p-1.wav,seg_0002,1078,7607,20753,-0.08,-1,S3,either,0.8794051523773618,795.1172817719331,0.0026685197371989
seg_0025__t00__p0,seg_0025__t00__p0.wav,seg_0025,213,10645,15561,0.0,0,S3,either,0.8784099858526025,1159.6822387582215,0.0105382949113845
seg_0000__t00__p-1,seg_0000__t00__p-1.wav,seg_0000,320,5525,7532,0.0,-1,S3,either,0.8779421424700752,1149.6258889091307,0.0005834705079905
seg_0002__tm04__p0,seg_0002__tm04__p0.wav,seg_0002,1033,7290,19889,-0.04,0,S3,either,0.877767299044262,858.3827644134825,0.0025411851238459
seg_0025__tm08__p0,seg_0025__tm08__p0.wav,seg_0025,232,11571,16914,-0.08,0,S3,either,0.877349787678795,1214.5278625423375,0.0068005654029548
seg_0019__tm04__p-1,seg_0019__tm04__p-1.wav,seg_0019,672,6233,8933,-0.04,-1,S3,either,0.8768379821228041,909.8527051500276,0.0015736218774691
seg_0021__tm08__p0,seg_0021__tm08__p0.wav,seg_0021,371,7740,11348,-0.08,0,S3,either,0.8746659303048608,895.7525797327685,0.0041166520677506
seg_0019__tm08__p0,seg_0019__tm08__p0.wav,seg_0019,701,6504,9322,-0.08,0,S3,either,0.8713032771654595,880.1855391797112,0.0023184993769973
seg_0025__tm04__p0,seg_0025__tm04__p0.wav,seg_0025,222,11089,16209,-0.04,0,S3,either,0.86910056150211,1225.128861141694,0.0079172253608703
seg_0025__tm04__p-1,seg_0025__tm04__p-1.wav,seg_0025,222,11089,16209,-0.04,-1,S3,either,0.8667782538424197,1129.889025395164,0.0064936680719256
seg_0003__tm08__p-1,seg_0003__tm08__p-1.wav,seg_0003,855,6574,9228,-0.08,-1,S3,either,0.862967081292904,988.7062562828298,0.0043745096772909
seg_0003__tm04__p0,seg_0003__tm04__p0.wav,seg_0003,820,6300,8844,-0.04,0,S3,either,0.8545606802659401,1000.7996987601032,0.0041549918241798
seg_0003__t00__p0,seg_0003__t00__p0.wav,seg_0003,787,6048,8490,0.0,0,S3,either,0.8498276322178882,1071.9963356112337,0.0058362116105854
seg_0000__t00__p0,seg_0000__t00__p0.wav,seg_0000,320,5525,7532,0.0,0,S3,either,0.8482554929316828,1092.9177708167474,0.0016657615778967
seg_0019__t00__p0,seg_0019__t00__p0.wav,seg_0019,645,5984,8576,0.0,0,S3,either,0.8466929643497573,898.9154908749264,0.0027578431181609
seg_0004__t00__p0,seg_0004__t00__p0.wav,seg_0004,388,11136,18819,0.0,0,S3,either,0.8447850497761591,1058.9097869568527,0.0042092613875865
seg_0004__tm08__p-1,seg_0004__tm08__p-1.wav,seg_0004,422,12104,20455,-0.08,-1,S3,either,0.8433080614477991,961.5903857715614,0.003164357272908
seg_0004__tm04__p0,seg_0004__tm04__p0.wav,seg_0004,404,11600,19603,-0.04,0,S3,either,0.8406809711185796,1076.58536276193,0.0024831912014633
seg_0004__tm04__p-1,seg_0004__tm04__p-1.wav,seg_0004,404,11600,19603,-0.04,-1,S3,either,0.8403503473677238,979.3149903432844,0.0029480415396392
seg_0002__t00__p-1,seg_0002__t00__p-1.wav,seg_0002,992,6998,19093,0.0,-1,S3,either,0.8401875797251687,852.502039532457,0.0016931211575865
seg_0004__t00__p-1,seg_0004__t00__p-1.wav,seg_0004,388,11136,18819,0.0,-1,S3,either,0.8314711799895063,1031.3397441341967,0.0024539637379348
seg_0004__tm08__p0,seg_0004__tm08__p0.wav,seg_0004,422,12104,20455,-0.08,0,S3,either,0.82635204995643,1067.3837827965183,0.0030545808840543
seg_0013__tm08__p-1,seg_0013__tm08__p-1.wav,seg_0013,624,12000,18203,-0.08,-1,S3,either,0.8146762067049573,1803.8826043281056,0.0189640764147043
seg_0013__tm04__p-1,seg_0013__tm04__p-1.wav,seg_0013,598,11500,17445,-0.04,-1,S3,either,0.8125791958968764,1876.05344172258,0.0188350826501846
seg_0003__t00__p-1,seg_0003__t00__p-1.wav,seg_0003,787,6048,8490,0.0,-1,S3,either,0.8041554761640891,1162.4987012904753,0.0029626267496496
seg_0013__t00__p-1,seg_0013__t00__p-1.wav,seg_0013,574,11040,16747,0.0,-1,S3,either,0.7979184521966303,1823.7716367663977,0.0216324646025896
seg_0003__tm08__p0,seg_0003__tm08__p0.wav,seg_0003,855,6574,9228,-0.08,0,S3,either,0.7961979118558866,1399.4610171210654,0.0022770168725401
seg_0003__tm04__p-1,seg_0003__tm04__p-1.wav,seg_0003,820,6300,8844,-0.04,-1,S3,either,0.7953202258705538,1227.6543804451435,0.003637152025476
seg_0013__tm08__p0,seg_0013__tm08__p0.wav,seg_0013,624,12000,18203,-0.08,0,S3,either,0.7809290775762451,1988.966745919472,0.0206818412989377
seg_0013__tm04__p0,seg_0013__tm04__p0.wav,seg_0013,598,11500,17445,-0.04,0,S3,either,0.7779243424063703,1952.5354932220323,0.018840117380023
seg_0013__t00__p0,seg_0013__t00__p0.wav,seg_0013,574,11040,16747,0.0,0,S3,either,0.7740920276182224,1919.03042584428,0.030036250129342
seg_0012__tm04__p-1,seg_0012__tm04__p-1.wav,seg_0012,280,489,4566,-0.04,-1,S3,either,0.7407853472213749,1471.5084302922326,0.0006133896531537
seg_0012__t00__p-1,seg_0012__t00__p-1.wav,seg_0012,269,469,4383,0.0,-1,S3,either,0.7398633103138376,1403.424585743377,0.0006640300271101
seg_0012__tm04__p0,seg_0012__tm04__p0.wav,seg_0012,280,489,4566,-0.04,0,S3,either,0.7264269107347571,1608.2355012926,0.0006348891183733
seg_0012__tm08__p0,seg_0012__tm08__p0.wav,seg_0012,292,510,4764,-0.08,0,S3,either,0.7211226391782398,1666.6149807758536,0.0005642608739435
seg_0012__tm08__p-1,seg_0012__tm08__p-1.wav,seg_0012,292,510,4764,-0.08,-1,S3,either,0.71946062491635,1613.224931604432,0.0005134397652
seg_0012__t00__p0,seg_0012__t00__p0.wav,seg_0012,269,469,4383,0.0,0,S3,either,0.705931175724985,1560.3307941988517,0.0008520364644937
seg_0020__tm08__p-1,seg_0020__tm08__p-1.wav,seg_0020,327,6308,10203,-0.08,-1,S3,exhale,0.9644193096652026,677.4049715672576,0.0040185377001762
seg_0020__t00__p0,seg_0020__t00__p0.wav,seg_0020,301,5803,9387,0.0,0,S3,exhale,0.9549836506884152,705.0024150905936,0.0064111864194273
seg_0020__tm04__p0,seg_0020__tm04__p0.wav,seg_0020,314,6045,9778,-0.04,0,S3,exhale,0.9521508718921892,713.2525324971298,0.0038179929833859
seg_0020__tm04__p-1,seg_0020__tm04__p-1.wav,seg_0020,314,6045,9778,-0.04,-1,S3,exhale,0.944614986022003,644.7696305734373,0.0047526992857456
seg_0006__t00__p-1,seg_0006__t00__p-1.wav,seg_0006,715,11755,30272,0.0,-1,S3,exhale,0.9158704082460468,1678.1889929567042,0.0225150920450687
seg_0006__tm08__p-1,seg_0006__tm08__p-1.wav,seg_0006,777,12777,32904,-0.08,-1,S3,exhale,0.9137485146001166,1719.917183775921,0.0225225239992141
seg_0006__tm04__p-1,seg_0006__tm04__p-1.wav,seg_0006,745,12245,31533,-0.04,-1,S3,exhale,0.911408131441298,1744.9322537862754,0.0212993659079074
seg_0006__tm08__p0,seg_0006__tm08__p0.wav,seg_0006,777,12777,32904,-0.08,0,S3,exhale,0.9022103261776664,1855.4028490999035,0.0215685181319713
seg_0020__tm08__p0,seg_0020__tm08__p0.wav,seg_0020,327,6308,10203,-0.08,0,S3,exhale,0.9005749181358114,685.6915474066626,0.0052210357971489
seg_0014__tm04__p-1,seg_0014__tm04__p-1.wav,seg_0014,750,7675,11144,-0.04,-1,S3,exhale,0.9005063388567209,931.123632168694,0.0061273542232811
seg_0006__tm04__p0,seg_0006__tm04__p0.wav,seg_0006,745,12245,31533,-0.04,0,S3,exhale,0.8969924214887237,1875.7213264802087,0.0219426602125167
seg_0014__tm08__p-1,seg_0014__tm08__p-1.wav,seg_0014,783,8009,11628,-0.08,-1,S3,exhale,0.8942152744873874,955.1159782469,0.006307310424745
seg_0024__tm08__p-1,seg_0024__tm08__p-1.wav,seg_0024,221,8127,11722,-0.08,-1,S3,exhale,0.8939471682905977,1604.0621156550756,0.0129192220047116
seg_0014__t00__p-1,seg_0014__t00__p-1.wav,seg_0014,720,7368,10698,0.0,-1,S3,exhale,0.893463215648626,1001.706620267734,0.0052947127260267
seg_0020__t00__p-1,seg_0020__t00__p-1.wav,seg_0020,301,5803,9387,0.0,-1,S3,exhale,0.8847792316968421,660.8017246886473,0.0047144573181867
seg_0024__tm04__p-1,seg_0024__tm04__p-1.wav,seg_0024,211,7789,11233,-0.04,-1,S3,exhale,0.8755347480810999,1597.002368102365,0.0137230902910232
seg_0006__t00__p0,seg_0006__t00__p0.wav,seg_0006,715,11755,30272,0.0,0,S3,exhale,0.8725303559942111,1826.2326196348463,0.0321344472467899
seg_0014__tm08__p0,seg_0014__tm08__p0.wav,seg_0014,783,8009,11628,-0.08,0,S3,exhale,0.8711562344721724,1128.9924452330106,0.0042117163538932
seg_0014__t00__p0,seg_0014__t00__p0.wav,seg_0014,720,7368,10698,0.0,0,S3,exhale,0.8691865506319225,1036.2375725464983,0.0080447839573025
seg_0024__t00__p-1,seg_0024__t00__p-1.wav,seg_0024,203,7477,10784,0.0,-1,S3,exhale,0.8566685022001963,1609.5938328673203,0.0149547131732106
seg_0024__t00__p0,seg_0024__t00__p0.wav,seg_0024,203,7477,10784,0.0,0,S3,exhale,0.854511416219486,1698.8241625617595,0.0198065917938947
seg_0024__tm04__p0,seg_0024__tm04__p0.wav,seg_0024,211,7789,11233,-0.04,0,S3,exhale,0.8522565431179223,1707.1871363030143,0.0134995328262448
seg_0014__tm04__p0,seg_0014__tm04__p0.wav,seg_0014,750,7675,11144,-0.04,0,S3,exhale,0.8517866992044075,1013.919691923676,0.0058665624819695
seg_0026__tm08__p-1,seg_0026__tm08__p-1.wav,seg_0026,371,6029,11675,-0.08,-1,S3,exhale,0.8353065190109916,1539.9963158188111,0.0235625300556421
seg_0026__tm04__p-1,seg_0026__tm04__p-1.wav,seg_0026,355,5778,11189,-0.04,-1,S3,exhale,0.8332121788845124,1482.4949361647052,0.0232629124075174
seg_0026__t00__p-1,seg_0026__t00__p-1.wav,seg_0026,341,5547,10741,0.0,-1,S3,exhale,0.8274362654741637,1531.937423206513,0.0222091600298881
seg_0009__tm04__p-1,seg_0009__tm04__p-1.wav,seg_0009,1033,10889,23692,-0.04,-1,S3,exhale,0.8203313773062467,1689.6610191504756,0.0129068009555339
seg_0009__t00__p-1,seg_0009__t00__p-1.wav,seg_0009,992,10453,22744,0.0,-1,S3,exhale,0.8173013144390187,1678.5610280370552,0.0130445295944809
seg_0009__tm08__p-1,seg_0009__tm08__p-1.wav,seg_0009,1078,11362,24722,-0.08,-1,S3,exhale,0.8165835757612856,1668.889821314009,0.0135718248784542
seg_0009__tm08__p0,seg_0009__tm08__p0.wav,seg_0009,1078,11362,24722,-0.08,0,S3,exhale,0.8119753860874244,1792.9019076170548,0.0130165396258234
seg_0024__tm08__p0,seg_0024__tm08__p0.wav,seg_0024,221,8127,11722,-0.08,0,S3,exhale,0.8114586914168505,1720.1273587157816,0.014871628023684
seg_0009__tm04__p0,seg_0009__tm04__p0.wav,seg_0009,1033,10889,23692,-0.04,0,S3,exhale,0.8077459872892531,1817.757373218673,0.0130260055884718
seg_0028__tm08__p-1,seg_0028__tm08__p-1.wav,seg_0028,797,6562,10038,-0.08,-1,S3,exhale,0.8044821566474913,1570.7603116921134,0.0095218690112233
seg_0010__tm04__p-1,seg_0010__tm04__p-1.wav,seg_0010,666,6111,13222,-0.04,-1,S3,exhale,0.8033437317034882,1604.249952066508,0.019346809014678
seg_0028__tm04__p-1,seg_0028__tm04__p-1.wav,seg_0028,764,6289,9620,-0.04,-1,S3,exhale,0.798131016906321,1599.6653543231705,0.0083859954029321
seg_0010__tm08__p-1,seg_0010__tm08__p-1.wav,seg_0010,695,6377,13797,-0.08,-1,S3,exhale,0.7971388627481084,1654.5010586318126,0.0190315525978803
seg_0010__tm08__p0,seg_0010__tm08__p0.wav,seg_0010,695,6377,13797,-0.08,0,S3,exhale,0.7849548816392088,1814.3680245277376,0.0185259226709604
seg_0028__t00__p-1,seg_0028__t00__p-1.wav,seg_0028,733,6037,9235,0.0,-1,S3,exhale,0.7842093469621054,1589.713873738235,0.0107443192973732
seg_0010__tm04__p0,seg_0010__tm04__p0.wav,seg_0010,666,6111,13222,-0.04,0,S3,exhale,0.7813355759631004,1783.1853536984431,0.020311914384365
seg_0009__t00__p0,seg_0009__t00__p0.wav,seg_0009,992,10453,22744,0.0,0,S3,exhale,0.7774126904328779,1756.8799693874669,0.0190535224974155
seg_0010__t00__p-1,seg_0010__t00__p-1.wav,seg_0010,639,5867,12693,0.0,-1,S3,exhale,0.7771639044650348,1773.2662391771837,0.0172025877982378
seg_0028__t00__p0,seg_0028__t00__p0.wav,seg_0028,733,6037,9235,0.0,0,S3,exhale,0.7752465792707572,1658.7973863731954,0.0150901963934302
seg_0010__t00__p0,seg_0010__t00__p0.wav,seg_0010,639,5867,12693,0.0,0,S3,exhale,0.7433405131092181,1829.388527243278,0.0270078182220459
seg_0027__t00__p-1,seg_0027__t00__p-1.wav,seg_0027,305,5504,8274,0.0,-1,S3,exhale,0.7365511577003867,1804.324107005361,0.0150482924655079
seg_0027__tm04__p-1,seg_0027__tm04__p-1.wav,seg_0027,318,5733,8619,-0.04,-1,S3,exhale,0.7292568359659805,1862.50907526721,0.0131783578544855
seg_0028__tm04__p0,seg_0028__tm04__p0.wav,seg_0028,764,6289,9620,-0.04,0,S3,exhale,0.7292198663061411,1718.8044151901915,0.0104165906086564
seg_0028__tm08__p0,seg_0028__tm08__p0.wav,seg_0028,797,6562,10038,-0.08,0,S3,exhale,0.7252675225548448,1676.226235702571,0.0101643446832895
seg_0027__tm08__p0,seg_0027__tm08__p0.wav,seg_0027,332,5983,8993,-0.08,0,S3,exhale,0.7153557491632021,1991.53847121276,0.0152001194655895
seg_0027__tm08__p-1,seg_0027__tm08__p-1.wav,seg_0027,332,5983,8993,-0.08,-1,S3,exhale,0.7140846488179879,1924.2112293568416,0.0125122042372822
seg_0027__t00__p0,seg_0027__t00__p0.wav,seg_0027,305,5504,8274,0.0,0,S3,exhale,0.7119666318840148,1926.96886282568,0.0216875821352005
seg_0027__tm04__p0,seg_0027__tm04__p0.wav,seg_0027,318,5733,8619,-0.04,0,S3,exhale,0.7,1932.0012463798555,0.0166348125785589
seg_0016__tm04__p-1,seg_0016__tm04__p-1.wav,seg_0016,222,430,7100,-0.04,-1,S3,inhale,0.9999999999999653,366.2286645390324,0.003502347972244
seg_0007__tm04__p-1,seg_0007__tm04__p-1.wav,seg_0007,990,8533,19838,-0.04,-1,S3,inhale,0.997305441164294,1019.0710644504626,0.0080323806032538
seg_0016__tm08__p0,seg_0016__tm08__p0.wav,seg_0016,232,449,7409,-0.08,0,S3,inhale,0.997133110673097,400.41344570725016,0.0034915269352495
seg_0007__tm04__p0,seg_0007__tm04__p0.wav,seg_0007,990,8533,19838,-0.04,0,S3,inhale,0.9950947257143792,1043.6627066286794,0.0087622078135609
seg_0016__t00__p-1,seg_0016__t00__p-1.wav,seg_0016,213,413,6816,0.0,-1,S3,inhale,0.9950838489549236,376.4283285547063,0.003454081248492
seg_0016__tm08__p-1,seg_0016__tm08__p-1.wav,seg_0016,232,449,7409,-0.08,-1,S3,inhale,0.9902591958260752,370.6552437192926,0.0035498414654284
seg_0007__tm08__p0,seg_0007__tm08__p0.wav,seg_0007,1033,8904,20700,-0.08,0,S3,inhale,0.9888430081082198,1110.1542733475596,0.0084146205335855
seg_0016__tm04__p0,seg_0016__tm04__p0.wav,seg_0016,222,430,7100,-0.04,0,S3,inhale,0.9887797332513812,402.44626401467,0.0035114584024995
seg_0007__t00__p0,seg_0007__t00__p0.wav,seg_0007,950,8192,19044,0.0,0,S3,inhale,0.9752460995423534,1069.020168425049,0.0113756209611892
seg_0005__tm08__p-1,seg_0005__tm08__p-1.wav,seg_0005,255,12905,22192,-0.08,-1,S3,inhale,0.9541806039070652,1084.3883813291482,0.0126539813354611
seg_0007__tm08__p-1,seg_0007__tm08__p-1.wav,seg_0007,1033,8904,20700,-0.08,-1,S3,inhale,0.953533151500935,1041.5429544656197,0.0070990500971674
seg_0007__t00__p-1,seg_0007__t00__p-1.wav,seg_0007,950,8192,19044,0.0,-1,S3,inhale,0.9500208342112616,1013.05192646407,0.0079704718664288
seg_0005__tm04__p-1,seg_0005__tm04__p-1.wav,seg_0005,245,12368,21268,-0.04,-1,S3,inhale,0.9413281504682712,1159.279235664828,0.0114931855350732
seg_0022__tm04__p-1,seg_0022__tm04__p-1.wav,seg_0022,855,7523,19447,-0.04,-1,S3,inhale,0.9398247597485416,987.7730952617396,0.0119116650894284
seg_0016__t00__p0,seg_0016__t00__p0.wav,seg_0016,213,413,6816,0.0,0,S3,inhale,0.9383504928752632,446.55887302504993,0.0036096174735575
seg_0022__tm08__p-1,seg_0022__tm08__p-1.wav,seg_0022,892,7850,20292,-0.08,-1,S3,inhale,0.9280067550515796,1007.1037645930816,0.0114619266241788
seg_0022__tm04__p0,seg_0022__tm04__p0.wav,seg_0022,855,7523,19447,-0.04,0,S3,inhale,0.921737906258422,1042.6882780212743,0.0118607897311449
seg_0023__tm08__p-1,seg_0023__tm08__p-1.wav,seg_0023,221,12638,26482,-0.08,-1,S3,inhale,0.9173009442064632,1692.7703534322636,0.0157717000693082
seg_0023__tm04__p-1,seg_0023__tm04__p-1.wav,seg_0023,211,12111,25378,-0.04,-1,S3,inhale,0.9167369761854386,1700.1510508304702,0.0148036507889628
seg_0023__t00__p-1,seg_0023__t00__p-1.wav,seg_0023,203,11627,24363,0.0,-1,S3,inhale,0.9143236116763108,1695.2335091947064,0.0145182628184556
seg_0022__t00__p-1,seg_0022__t00__p-1.wav,seg_0022,821,7222,18669,0.0,-1,S3,inhale,0.9135102024338592,1023.8502261788344,0.011247674934566
seg_0005__t00__p-1,seg_0005__t00__p-1.wav,seg_0005,235,11873,20417,0.0,-1,S3,inhale,0.9109750426661004,1131.5116382257113,0.012468809261918
seg_0022__tm08__p0,seg_0022__tm08__p0.wav,seg_0022,892,7850,20292,-0.08,0,S3,inhale,0.90998789932345,1089.5109423756264,0.0112700201570987
seg_0023__tm08__p0,seg_0023__tm08__p0.wav,seg_0023,221,12638,26482,-0.08,0,S3,inhale,0.9077833663346512,1758.5578278140545,0.0168084427714347
seg_0023__tm04__p0,seg_0023__tm04__p0.wav,seg_0023,211,12111,25378,-0.04,0,S3,inhale,0.9069967849834446,1790.7306700859338,0.0158111546188592
seg_0022__t00__p0,seg_0022__t00__p0.wav,seg_0022,821,7222,18669,0.0,0,S3,inhale,0.8975692154455587,1108.6114007856272,0.0157344378530979
seg_0023__t00__p0,seg_0023__t00__p0.wav,seg_0023,203,11627,24363,0.0,0,S3,inhale,0.8847478903846173,1765.1712444720306,0.022766089066863
seg_0011__tm04__p-1,seg_0011__tm04__p-1.wav,seg_0011,1033,10755,28283,-0.04,-1,S3,inhale,0.8078234317616041,1857.7032162638943,0.0200006831437349
seg_0011__tm08__p-1,seg_0011__tm08__p-1.wav,seg_0011,1078,11223,29513,-0.08,-1,S3,inhale,0.8034800861181749,1806.60146048326,0.022312942892313
seg_0011__t00__p-1,seg_0011__t00__p-1.wav,seg_0011,992,10325,27152,0.0,-1,S3,inhale,0.8011767138636876,1845.1012851800208,0.0212285704910755
seg_0008__t00__p-1,seg_0008__t00__p-1.wav,seg_0008,331,5525,14720,0.0,-1,S3,inhale,0.7960458877658662,1525.7411557571645,0.031867641955614
seg_0008__tm08__p-1,seg_0008__tm08__p-1.wav,seg_0008,360,6005,16000,-0.08,-1,S3,inhale,0.7933966629302668,1553.6391155696228,0.0305120646953582
seg_0011__tm08__p0,seg_0011__tm08__p0.wav,seg_0011,1078,11223,29513,-0.08,0,S3,inhale,0.7920994821692183,1922.2489332543664,0.0217238571494817
seg_0011__tm04__p0,seg_0011__tm04__p0.wav,seg_0011,1033,10755,28283,-0.04,0,S3,inhale,0.7911517516816661,1912.9459566726896,0.0222491417080163
seg_0008__tm04__p0,seg_0008__tm04__p0.wav,seg_0008,345,5755,15333,-0.04,0,S3,inhale,0.7890556509097534,1631.6584439497765,0.0241952333599329
seg_0008__tm04__p-1,seg_0008__tm04__p-1.wav,seg_0008,345,5755,15333,-0.04,-1,S3,inhale,0.7875223930298616,1528.6093029739716,0.0302557963877916
seg_0008__tm08__p0,seg_0008__tm08__p0.wav,seg_0008,360,6005,16000,-0.08,0,S3,inhale,0.7862583052702959,1726.938172634811,0.0260587334632873
seg_0011__t00__p0,seg_0011__t00__p0.wav,seg_0011,992,10325,27152,0.0,0,S3,inhale,0.7503492669290294,1910.75365731,0.0315997041761875
seg_0008__t00__p0,seg_0008__t00__p0.wav,seg_0008,331,5525,14720,0.0,0,S3,inhale,0.7287139754320251,1742.246068294916,0.037588108330965
